{
  "Ag": [
    [
      0,
      26666,
      26666.0,
      331.96977959554647
    ],
    [
      1,
      26530,
      26530.0,
      332.1340920336467
    ],
    [
      2,
      26165,
      26165.0,
      331.91493631802393
    ],
    [
      4,
      25186,
      25186.0,
      331.9438675273646
    ],
    [
      8,
      24003,
      24003.0,
      331.984044792456
    ],
    [
      16,
      21635,
      21634.999999999996,
      332.17422367499415
    ],
    [
      32,
      17460,
      17460.0,
      331.8952364415118
    ]
  ],
  "Co": [
    [
      0,
      25396,
      25396.000000000004,
      101.63748334208294
    ],
    [
      1,
      16469,
      16469.0,
      101.746699875467
    ],
    [
      2,
      10369,
      10369.0,
      101.65309559187716
    ],
    [
      3,
      6836,
      6835.999999999999,
      101.87569350727246
    ],
    [
      4,
      4490,
      4489.999999999999,
      101.57251032583754
    ],
    [
      5,
      2804,
      2804.0,
      101.73649635036496
    ],
    [
      6,
      1917,
      1917.0,
      101.76757917337628
    ]
  ],
  "Cu": [
    [
      0,
      25880,
      25880.0,
      118.63214935527253
    ],
    [
      1,
      19481,
      19481.0,
      118.54566904362416
    ],
    [
      2,
      14763,
      14763.000000000002,
      118.6249566964595
    ],
    [
      3,
      11082,
      11081.999999999998,
      118.72453212869918
    ],
    [
      4,
      8339,
      8339.0,
      118.51497299950908
    ],
    [
      5,
      6348,
      6348.0,
      118.38626817447496
    ],
    [
      6,
      4839,
      4839.0,
      118.56417847325015
    ]
  ],
  "Fe": [
    [
      0,
      2534,
      2534.0000000000005,
      93.95304205798286
    ],
    [
      1,
      1461,
      1461.0,
      93.4578313253012
    ],
    [
      2,
      849,
      849.0,
      93.11850060459493
    ],
    [
      3,
      503,
      503.0,
      94.35670103092784
    ],
    [
      4,
      286,
      286.0,
      94.06181818181818
    ],
    [
      5,
      177,
      177.0,
      94.06395348837209
    ],
    [
      6,
      97,
      96.99999999999999,
      94.19565217391305
    ]
  ],
  "Mo": [
    [
      0,
      2579,
      2579.0,
      261.5998433829287
    ],
    [
      1,
      2598,
      2598.0,
      261.55740884406515
    ],
    [
      2,
      2473,
      2473.0000000000005,
      261.38866231647637
    ],
    [
      4,
      2484,
      2484.0,
      261.61163074420494
    ],
    [
      8,
      2084,
      2084.0,
      261.5696999031946
    ],
    [
      16,
      1780,
      1780.0,
      261.76423690205013
    ],
    [
      32,
      1125,
      1125.0,
      261.67205750224616
    ]
  ],
  "Ni": [
    [
      0,
      25583,
      25583.0,
      109.9859971994399
    ],
    [
      1,
      18387,
      18387.0,
      110.04881038613696
    ],
    [
      2,
      13046,
      13046.000000000002,
      109.99122600861732
    ],
    [
      3,
      8929,
      8929.0,
      110.06267217630854
    ],
    [
      4,
      6259,
      6259.0,
      109.8939195815626
    ],
    [
      5,
      4508,
      4507.999999999999,
      110.01474926253687
    ],
    [
      6,
      3136,
      3136.0,
      109.56005221932115
    ]
  ],
  "Se": [
    [
      0,
      26451,
      26451.0,
      166.1853188467002
    ],
    [
      1,
      23925,
      23925.0,
      166.1981144094789
    ],
    [
      2,
      21480,
      21480.0,
      166.240790655885
    ],
    [
      4,
      17805,
      17805.0,
      166.09813324199348
    ],
    [
      8,
      11665,
      11665.0,
      166.20276738316943
    ],
    [
      16,
      4943,
      4943.0,
      166.417983986861
    ],
    [
      32,
      954,
      954.0,
      165.7066950053135
    ]
  ],
  "Sr": [
    [
      0,
      26587,
      26587.0,
      209.2656482151701
    ],
    [
      1,
      25253,
      25253.0,
      209.2338800450233
    ],
    [
      2,
      24123,
      24122.999999999996,
      209.4602687946241
    ],
    [
      4,
      21651,
      21650.999999999996,
      209.34876976330807
    ],
    [
      8,
      17491,
      17491.0,
      209.42606429192006
    ],
    [
      16,
      11483,
      11483.0,
      209.1784327567949
    ],
    [
      32,
      5009,
      5009.0,
      209.6098845452704
    ]
  ],
  "Ti": [
    [
      0,
      21716,
      21716.0,
      66.64125226775829
    ],
    [
      1,
      5112,
      5112.0,
      66.5503355704698
    ],
    [
      2,
      1179,
      1179.0000000000002,
      66.7508591065292
    ],
    [
      3,
      260,
      260.0,
      66.78599221789884
    ],
    [
      4,
      63,
      63.0,
      66.04838709677419
    ],
    [
      5,
      26,
      26.0,
      65.56
    ],
    [
      6,
      4,
      4.0,
      58.5
    ]
  ],
  "Zn": [
    [
      0,
      26019,
      26019.0,
      127.55266249021143
    ],
    [
      1,
      21179,
      21178.999999999996,
      127.568602916406
    ],
    [
      2,
      16531,
      16531.000000000004,
      127.5825716403162
    ],
    [
      3,
      13173,
      13173.0,
      127.47739741905572
    ],
    [
      5,
      8644,
      8644.0,
      127.66950354609929
    ],
    [
      7,
      5175,
      5175.0,
      127.72650078988941
    ],
    [
      10,
      2720,
      2720.0,
      127.53067369213399
    ]
  ],
  "Zr": [
    [
      0,
      26329,
      26328.999999999996,
      235.61906773153126
    ],
    [
      1,
      25710,
      25710.0,
      235.4109934244202
    ],
    [
      2,
      24691,
      24691.0,
      235.53607613109642
    ],
    [
      4,
      23121,
      23120.999999999996,
      235.74469016860084
    ],
    [
      8,
      19738,
      19738.0,
      235.45373884500975
    ],
    [
      16,
      14710,
      14709.999999999998,
      235.4577890829094
    ],
    [
      32,
      8176,
      8176.0,
      235.3560577991849
    ]
  ]
}